run_at,source,n_new,n_updated,error
2026-09-15T12:01:34,IRIS,47,1,
2026-09-15T12:06:11,한국연구재단,61,0,
2026-09-15T12:06:58,HT Dream,29,0,
2026-09-15T12:07:13,KHIDI,0,0,"HTTPSConnectionPool(host='www.khidi.or.kr', port=443): Max retries exceeded with url: /board?menuId=MENU01108&pageNum=1&rowCnt=10 (Caused by ProtocolError('Connection aborted.', RemoteDisconnected('Re"
2026-09-15T12:08:25,NECA,20,0,
2026-09-15T12:08:51,환경부(KEITI),20,0,
2026-09-16T00:03:59,IRIS,0,47,
2026-09-16T00:05:03,한국연구재단,0,61,
2026-09-16T00:05:29,HT Dream,17,12,
2026-09-16T00:06:22,KHIDI,21,0,
2026-09-16T00:06:46,NECA,5,15,
2026-09-16T00:06:56,환경부(KEITI),6,14,
2026-09-16T09:00:37,IRIS,0,46,
2026-09-16T09:01:37,한국연구재단,0,61,
2026-09-16T09:02:06,HT Dream,18,11,
2026-09-16T09:02:12,KHIDI,0,21,
2026-09-16T09:02:38,NECA,5,15,
2026-09-16T09:02:49,환경부(KEITI),6,14,
2026-09-17T00:13:10,IRIS,0,46,
2026-09-17T00:13:57,한국연구재단,0,61,
2026-09-17T00:14:23,HT Dream,18,11,
2026-09-17T00:14:28,KHIDI,0,21,
2026-09-17T00:14:55,NECA,5,15,
2026-09-17T00:15:04,환경부(KEITI),6,14,
2026-09-17T09:06:41,IRIS,1,46,
2026-09-17T09:07:29,한국연구재단,0,61,
2026-09-17T09:07:59,HT Dream,18,11,
2026-09-17T09:08:06,KHIDI,1,20,
2026-09-17T09:08:32,NECA,5,15,
2026-09-17T09:08:42,환경부(KEITI),6,14,
2026-09-18T00:00:19,IRIS,0,47,
2026-09-18T00:01:20,한국연구재단,0,61,
2026-09-18T00:01:51,HT Dream,18,11,
2026-09-18T00:01:56,KHIDI,0,21,
2026-09-18T00:02:25,NECA,5,15,
2026-09-18T00:02:36,환경부(KEITI),6,14,
2026-09-18T08:41:16,IRIS,0,46,
2026-09-18T08:42:16,한국연구재단,0,61,
2026-09-18T08:42:45,HT Dream,18,11,
2026-09-18T08:42:50,KHIDI,0,21,
2026-09-18T08:43:18,NECA,5,15,
2026-09-18T08:43:29,환경부(KEITI),6,14,
2026-09-18T23:58:53,IRIS,0,44,
2026-09-18T23:59:33,한국연구재단,0,61,
2026-09-19T00:00:01,HT Dream,18,11,
2026-09-19T00:00:07,KHIDI,0,21,
2026-09-19T00:00:30,NECA,5,15,
2026-09-19T00:00:41,환경부(KEITI),6,14,
2026-09-19T23:59:00,IRIS,0,44,
2026-09-19T23:59:58,한국연구재단,0,61,
2026-09-20T00:00:29,HT Dream,18,11,
2026-09-20T00:00:35,KHIDI,0,21,
2026-09-20T00:01:00,NECA,5,15,
2026-09-20T00:01:10,환경부(KEITI),6,14,
2026-09-20T23:57:57,IRIS,0,43,
2026-09-20T23:58:52,한국연구재단,0,61,
2026-09-20T23:59:19,HT Dream,18,11,
2026-09-20T23:59:25,KHIDI,0,21,
2026-09-20T23:59:51,NECA,5,15,
2026-09-21T00:00:00,환경부(KEITI),6,14,
2026-09-21T09:31:15,IRIS,0,43,
2026-09-21T09:31:55,한국연구재단,0,61,
2026-09-21T09:32:22,HT Dream,18,11,
2026-09-21T09:32:28,KHIDI,0,21,
2026-09-21T09:32:52,NECA,5,15,
2026-09-21T09:33:02,환경부(KEITI),6,14,
2026-09-22T00:40:28,IRIS,0,43,
2026-09-22T00:41:15,한국연구재단,0,61,
2026-09-22T00:41:42,HT Dream,18,11,
2026-09-22T00:41:47,KHIDI,0,21,
2026-09-22T00:42:12,NECA,5,15,
2026-09-22T00:42:22,환경부(KEITI),6,14,
2026-09-22T08:58:26,IRIS,1,43,
2026-09-22T08:59:23,한국연구재단,0,61,
2026-09-22T08:59:52,HT Dream,18,11,
2026-09-22T08:59:58,KHIDI,0,21,
2026-09-22T09:00:25,NECA,5,15,
2026-09-22T09:00:36,환경부(KEITI),6,14,
2026-09-23T00:08:46,IRIS,1,45,
2026-09-23T00:09:31,한국연구재단,0,61,
2026-09-23T00:09:58,HT Dream,18,11,
2026-09-23T00:10:10,KHIDI,3,22,
2026-09-23T00:10:36,NECA,5,15,
2026-09-23T00:10:46,환경부(KEITI),6,14,
2026-09-23T09:01:30,IRIS,1,44,
2026-09-23T09:02:40,한국연구재단,0,61,
2026-09-23T09:03:13,HT Dream,20,9,
2026-09-23T09:03:19,KHIDI,0,25,
2026-09-23T09:03:51,NECA,5,15,
2026-09-23T09:04:02,환경부(KEITI),6,14,
2026-09-24T00:19:40,IRIS,0,45,
2026-09-24T00:20:32,한국연구재단,0,61,
2026-09-24T00:21:01,HT Dream,20,9,
2026-09-24T00:21:08,KHIDI,1,25,
2026-09-24T00:21:32,NECA,5,15,
2026-09-24T00:21:41,환경부(KEITI),6,14,
2026-09-24T08:57:28,IRIS,0,45,
2026-09-24T08:57:58,한국연구재단,0,61,
2026-09-24T08:58:27,HT Dream,20,9,
2026-09-24T08:58:31,KHIDI,0,26,
2026-09-24T08:58:55,NECA,5,15,
2026-09-24T08:59:05,환경부(KEITI),6,14,
2026-09-25T00:22:16,IRIS,0,45,
2026-09-25T00:22:53,한국연구재단,0,61,
2026-09-25T00:23:22,HT Dream,20,9,
2026-09-25T00:23:27,KHIDI,0,26,
2026-09-25T00:23:50,NECA,5,15,
2026-09-25T00:24:00,환경부(KEITI),6,14,
2026-09-25T09:18:01,IRIS,0,45,
2026-09-25T09:18:35,한국연구재단,0,61,
2026-09-25T09:19:04,HT Dream,20,9,
2026-09-25T09:19:09,KHIDI,0,26,
2026-09-25T09:19:32,NECA,5,15,
2026-09-25T09:19:42,환경부(KEITI),6,14,
2026-09-26T00:27:25,IRIS,0,45,
2026-09-26T00:28:27,한국연구재단,0,61,
2026-09-26T00:28:59,HT Dream,20,9,
2026-09-26T00:29:04,KHIDI,0,26,
2026-09-26T00:29:30,NECA,5,15,
2026-09-26T00:29:41,환경부(KEITI),6,14,
2026-09-27T00:22:09,IRIS,0,45,
2026-09-27T00:22:44,한국연구재단,0,61,
2026-09-27T00:23:15,HT Dream,21,8,
2026-09-27T00:23:20,KHIDI,0,26,
2026-09-27T00:23:44,NECA,5,15,
2026-09-27T00:23:54,환경부(KEITI),6,14,
2026-09-28T00:24:45,IRIS,0,45,
2026-09-28T00:25:26,한국연구재단,0,61,
2026-09-28T00:25:57,HT Dream,21,8,
2026-09-28T00:26:02,KHIDI,0,26,
2026-09-28T00:26:37,NECA,5,15,
2026-09-28T00:26:47,환경부(KEITI),6,14,
2026-09-28T10:25:14,IRIS,0,45,
2026-09-28T10:26:05,한국연구재단,0,61,
2026-09-28T10:26:35,HT Dream,21,8,
2026-09-28T10:26:41,KHIDI,0,24,
2026-09-28T10:27:06,NECA,5,15,
2026-09-28T10:27:16,환경부(KEITI),6,14,
2026-09-29T01:36:07,IRIS,2,45,
2026-09-29T01:36:42,한국연구재단,0,61,
2026-09-29T01:37:13,HT Dream,21,8,
2026-09-29T01:37:18,KHIDI,0,24,
2026-09-29T01:37:47,NECA,5,15,
2026-09-29T01:37:57,환경부(KEITI),6,14,
2026-09-29T10:20:40,IRIS,0,44,
2026-09-29T10:22:05,한국연구재단,0,61,
2026-09-29T10:22:39,HT Dream,0,0,"HTTPConnectionPool(host='www.htdream.kr', port=80): Read timed out. (read timeout=30)"
2026-09-29T10:22:47,KHIDI,1,24,
2026-09-29T10:23:14,NECA,5,15,
2026-09-29T10:23:24,환경부(KEITI),6,14,
2026-09-30T01:11:06,IRIS,0,44,
2026-09-30T01:12:03,한국연구재단,0,61,
2026-09-30T01:12:39,HT Dream,22,7,
2026-09-30T01:12:44,KHIDI,0,24,
2026-09-30T01:13:16,NECA,5,15,
2026-09-30T01:13:27,환경부(KEITI),6,14,
2026-09-30T10:13:18,IRIS,0,42,
2026-09-30T10:14:08,한국연구재단,1,61,
2026-09-30T10:14:42,HT Dream,22,7,
2026-09-30T10:14:50,KHIDI,1,23,
2026-09-30T10:15:18,NECA,5,15,
2026-09-30T10:15:27,환경부(KEITI),6,14,
2026-10-01T01:11:01,IRIS,2,41,
2026-10-01T01:11:28,한국연구재단,0,38,
2026-10-01T01:12:03,HT Dream,22,7,
2026-10-01T01:12:08,KHIDI,0,24,
2026-10-01T01:12:43,NECA,5,15,
2026-10-01T01:12:53,환경부(KEITI),6,14,
2026-10-01T10:40:43,IRIS,1,42,
2026-10-01T10:42:11,한국연구재단,1,38,
2026-10-01T10:42:45,HT Dream,22,7,
2026-10-01T10:42:53,KHIDI,1,23,
2026-10-01T10:43:34,NECA,8,13,
2026-10-01T10:43:44,환경부(KEITI),6,14,
2026-10-02T01:24:46,IRIS,0,43,
2026-10-02T01:25:11,한국연구재단,0,39,
2026-10-02T01:25:44,HT Dream,22,7,
2026-10-02T01:25:49,KHIDI,0,24,
2026-10-02T01:26:39,NECA,5,16,
2026-10-02T01:26:49,환경부(KEITI),6,14,
2026-10-02T10:15:51,IRIS,0,42,
2026-10-02T10:16:35,한국연구재단,0,39,
2026-10-02T10:17:11,HT Dream,23,7,
2026-10-02T10:17:17,KHIDI,0,24,
2026-10-02T10:17:44,NECA,5,16,
2026-10-02T10:17:54,환경부(KEITI),6,14,
2026-10-03T01:01:31,IRIS,0,42,
2026-10-03T01:02:03,한국연구재단,0,39,
2026-10-03T01:02:39,HT Dream,22,8,
2026-10-03T01:02:45,KHIDI,0,24,
2026-10-03T01:03:19,NECA,5,16,
2026-10-03T01:03:30,환경부(KEITI),6,14,
2026-10-04T00:25:40,IRIS,0,42,
2026-10-04T00:26:21,한국연구재단,0,39,
2026-10-04T00:26:56,HT Dream,22,8,
2026-10-04T00:27:02,KHIDI,0,24,
2026-10-04T00:27:30,NECA,5,16,
2026-10-04T00:27:40,환경부(KEITI),6,14,
2026-10-05T00:33:57,IRIS,0,42,
2026-10-05T00:34:30,한국연구재단,0,39,
2026-10-05T00:35:24,HT Dream,22,8,
2026-10-05T00:35:29,KHIDI,0,24,
2026-10-05T00:36:09,NECA,5,16,
2026-10-05T00:36:18,환경부(KEITI),6,14,
2026-10-05T11:06:40,IRIS,0,42,
2026-10-05T11:07:26,한국연구재단,0,39,
2026-10-05T11:08:01,HT Dream,22,8,
2026-10-05T11:08:13,KHIDI,0,24,
2026-10-05T11:10:31,NECA,0,0,"HTTPSConnectionPool(host='www.neca.re.kr', port=443): Max retries exceeded with url: /lay1/bbs/S1T12C49/A/12/list.do?cpage=1 (Caused by ReadTimeoutError(""HTTPSConnectionPool(host='www.neca.re.kr', por"
2026-10-05T11:10:42,환경부(KEITI),6,14,
2026-10-06T02:08:55,IRIS,3,42,
2026-10-06T02:09:23,한국연구재단,1,39,
2026-10-06T02:09:57,HT Dream,22,8,
2026-10-06T02:10:02,KHIDI,0,24,
2026-10-06T02:10:42,NECA,6,15,
2026-10-06T02:10:52,환경부(KEITI),6,14,
2026-10-06T10:59:43,IRIS,0,45,
2026-10-06T11:00:39,한국연구재단,3,40,
2026-10-06T11:01:16,HT Dream,23,7,
2026-10-06T11:01:24,KHIDI,1,24,
2026-10-06T11:02:20,NECA,6,15,
2026-10-06T11:02:31,환경부(KEITI),6,14,
2026-10-07T01:17:15,IRIS,0,45,
2026-10-07T01:17:45,한국연구재단,1,43,
2026-10-07T01:18:17,HT Dream,23,7,
2026-10-07T01:18:22,KHIDI,0,25,
2026-10-07T01:19:07,NECA,6,15,
2026-10-07T01:19:16,환경부(KEITI),6,14,
2026-10-07T10:48:06,IRIS,1,43,
2026-10-07T10:49:07,한국연구재단,0,44,
2026-10-07T10:49:44,HT Dream,23,7,
2026-10-07T10:49:50,KHIDI,0,25,
2026-10-07T10:50:26,NECA,7,14,
2026-10-07T10:50:37,환경부(KEITI),6,14,
2026-10-08T01:39:05,IRIS,0,44,
2026-10-08T01:39:49,한국연구재단,0,44,
2026-10-08T01:40:22,HT Dream,22,8,
2026-10-08T01:40:27,KHIDI,0,25,
2026-10-08T01:41:11,NECA,6,15,
2026-10-08T01:41:24,환경부(KEITI),6,14,
2026-10-08T11:07:13,IRIS,1,42,
2026-10-08T11:08:05,한국연구재단,1,44,
2026-10-08T11:08:41,HT Dream,22,8,
2026-10-08T11:08:49,KHIDI,1,24,
2026-10-08T11:09:21,NECA,6,15,
2026-10-08T11:09:33,환경부(KEITI),7,13,
2026-10-09T01:50:30,IRIS,0,43,
2026-10-09T01:51:04,한국연구재단,0,45,
2026-10-09T01:51:38,HT Dream,22,8,
2026-10-09T01:51:44,KHIDI,0,25,
2026-10-09T01:52:27,NECA,6,15,
2026-10-09T01:52:38,환경부(KEITI),7,13,
